,Unnamed: 0,objectid_1,toponimo,n_id,estado,sinal_vert,sinal_info_vert,n_lugares,x,y,geometry
0,0,199,Rua de D. Pedro V,204,ATIVO,NAO,SIM,10,-8.630972406820455,41.14925222361455,POINT (-8.630972406820455 41.14925222361455)
1,1,32,Rua de D. Pedro V,35,ATIVO,NAO,SIM,10,-8.6324746693067,41.14749908119241,POINT (-8.6324746693067 41.14749908119241)
2,2,166,Rua do Passeio Alegre,171,ATIVO,NAO,SIM,10,-8.667406707628464,41.14755430699348,POINT (-8.667406707628464 41.14755430699348)
3,3,77,Rua do Passeio Alegre,79,ATIVO,NAO,SIM,10,-8.670062338817813,41.14850965851483,POINT (-8.670062338817813 41.14850965851483)
4,4,27,Esplanada do Castelo,30,ATIVO,NAO,SIM,10,-8.671515945551741,41.14898245215499,POINT (-8.671515945551741 41.14898245215499)
5,5,176,Rua 13 do Bairro da Rainha D. Leonor,181,ATIVO,NAO,SIM,10,-8.6622767717964,41.15008466434449,POINT (-8.6622767717964 41.15008466434449)
6,6,7,PFSCA0,8,ATIVO,,SIM,10,-8.591973414154554,41.16296106380526,POINT (-8.591973414154554 41.16296106380526)
7,7,18,PNABR0,21,ATIVO,,SIM,10,-8.611243879211136,41.1726253600669,POINT (-8.611243879211136 41.1726253600669)
8,8,3,RNALF0,4,ATIVO,,SIM,10,-8.61705290886118,41.14077650578711,POINT (-8.61705290886118 41.14077650578711)
9,9,136,REFDI0,140,ATIVO,,SIM,10,-8.643273467986122,41.17286053568972,POINT (-8.643273467986122 41.17286053568972)
10,10,2,PREPU0,3,ATIVO,,SIM,10,-8.613081443636224,41.15380780445347,POINT (-8.613081443636224 41.15380780445347)
11,11,1,PREPU0,2,ATIVO,,SIM,10,-8.61229964781167,41.15504386077856,POINT (-8.61229964781167 41.15504386077856)
12,12,125,RCAMO0,128,ATIVO,,SIM,20,-8.609935718430158,41.152318533045054,POINT (-8.609935718430158 41.152318533045054)
13,13,164,RJBAR0,169,ATIVO,,SIM,10,-8.66283178817902,41.15455273403011,POINT (-8.66283178817902 41.15455273403011)
14,14,119,RPJAS0,122,ATIVO,,SIM,10,-8.629013522330286,41.16114824217468,POINT (-8.629013522330286 41.16114824217468)
15,15,163,RJBAR0,168,ATIVO,,SIM,10,-8.66384680149657,41.15609769903509,POINT (-8.66384680149657 41.15609769903509)
16,16,19,PNABR0,22,ATIVO,,SIM,10,-8.612684944787157,41.1711031950915,POINT (-8.612684944787157 41.1711031950915)
17,17,131,RACBA0,135,ATIVO,,SIM,10,-8.649417452052129,41.16633183457272,POINT (-8.649417452052129 41.16633183457272)
18,18,66,RJVFE0,68,ATIVO,,SIM,10,-8.624384453344353,41.14780683729602,POINT (-8.624384453344353 41.14780683729602)
19,19,34,AGEIF0,37,ATIVO,,SIM,10,-8.604642422458435,41.14187092340428,POINT (-8.604642422458435 41.14187092340428)
20,20,95,RTANG0,97,ATIVO,SIM,SIM,10,-8.66304129327484,41.16329753677602,POINT (-8.66304129327484 41.16329753677602)
21,21,178,ABOAV0,183,ATIVO,SIM,SIM,10,-8.657953699520453,41.16261673455505,POINT (-8.657953699520453 41.16261673455505)
22,22,88,PMALB0,90,ATIVO,SIM,SIM,10,-8.629574309353062,41.15693467018552,POINT (-8.629574309353062 41.15693467018552)
23,23,165,Rua de João de Barros,170,ATIVO,NAO,SIM,10,-8.661933079230495,41.15324373963458,POINT (-8.661933079230495 41.15324373963458)
24,24,1017,PBOLH0,218,ATIVO,NAO,SIM,10,-8.606654251267887,41.15167979396585,POINT (-8.606654251267887 41.15167979396585)
25,25,138,REFDI0,142,ATIVO,,SIM,10,-8.648385119830186,41.17700716703576,POINT (-8.648385119830186 41.17700716703576)
26,26,47,ACAMI0,50,ATIVO,,SIM,10,-8.594742465408968,41.14885878513155,POINT (-8.594742465408968 41.14885878513155)
27,27,39,AEQUE0,42,ATIVO,,SIM,10,-8.593762087182089,41.16250148839499,POINT (-8.593762087182089 41.16250148839499)
28,28,38,RMAVE0,41,ATIVO,,SIM,10,-8.589040814013027,41.16175234894188,POINT (-8.589040814013027 41.16175234894188)
29,29,37,TANTA0,40,ATIVO,,SIM,10,-8.589425027952434,41.16003787820144,POINT (-8.589425027952434 41.16003787820144)
30,30,42,RALEG1,45,ATIVO,,SIM,10,-8.59876963115394,41.16497692082613,POINT (-8.59876963115394 41.16497692082613)
31,31,45,RSPOU0,48,ATIVO,,SIM,10,-8.599815537672598,41.15305581357608,POINT (-8.599815537672598 41.15305581357608)
32,32,33,Rua do Ouro,36,ATIVO,NAO,SIM,10,-8.644656956648458,41.148268167223975,POINT (-8.644656956648458 41.148268167223975)
33,33,31,Rua do Ouro,34,ATIVO,NAO,SIM,10,-8.65267657985475,41.14804505556112,POINT (-8.65267657985475 41.14804505556112)
34,34,30,Rua das Sobreiras,33,ATIVO,NAO,SIM,10,-8.656868374673184,41.14717484616373,POINT (-8.656868374673184 41.14717484616373)
35,35,28,Esplanada do Castelo,31,ATIVO,NAO,SIM,10,-8.675892288824432,41.14934843039875,POINT (-8.675892288824432 41.14934843039875)
36,36,15,RJACA1,16,ATIVO,,SIM,10,-8.601167824941887,41.17615973933665,POINT (-8.601167824941887 41.17615973933665)
37,37,35,RESTA0,38,ATIVO,,SIM,20,-8.586115369938954,41.14816691691671,POINT (-8.586115369938954 41.14816691691671)
38,38,36,RDSAV0,39,ATIVO,,SIM,10,-8.58995633524946,41.15113957265935,POINT (-8.58995633524946 41.15113957265935)
39,39,46,RSPOU0,49,ATIVO,,SIM,10,-8.600339498629442,41.15026188654049,POINT (-8.600339498629442 41.15026188654049)
40,40,43,RALES0,46,ATIVO,,SIM,10,-8.599355794868076,41.1697118949109,POINT (-8.599355794868076 41.1697118949109)
41,41,41,RBOLA0,44,ATIVO,,SIM,10,-8.603721304112744,41.16549539751097,POINT (-8.603721304112744 41.16549539751097)
42,42,44,RSPOU0,47,ATIVO,,SIM,10,-8.598762237471092,41.15862364148038,POINT (-8.598762237471092 41.15862364148038)
43,43,48,RACAR1,51,ATIVO,,SIM,10,-8.59304912562772,41.14723265526702,POINT (-8.59304912562772 41.14723265526702)
44,44,13,Rua Alfredo Allen,14,ATIVO,NAO,SIM,10,-8.603718166186875,41.17388279259081,POINT (-8.603718166186875 41.17388279259081)
45,45,40,RPBJC0,43,ATIVO,SIM,SIM,10,-8.597846352394447,41.16297823955173,POINT (-8.597846352394447 41.16297823955173)
46,46,57,RGAZE0,60,ATIVO,,SIM,10,-8.607074919534137,41.15232682633317,POINT (-8.607074919534137 41.15232682633317)
47,47,53,RENTR0,56,ATIVO,,SIM,10,-8.606391461557603,41.14504102853771,POINT (-8.606391461557603 41.14504102853771)
48,48,74,RCALE0,76,ATIVO,,SIM,10,-8.642153129706012,41.15403180167327,POINT (-8.642153129706012 41.15403180167327)
49,49,72,VPANO0,74,ATIVO,,SIM,10,-8.6364487519926,41.149900124273024,POINT (-8.6364487519926 41.149900124273024)
50,50,73,RESTR0,75,ATIVO,,SIM,10,-8.6392476443513,41.15053356187868,POINT (-8.6392476443513 41.15053356187868)
51,51,67,PGGFE0,69,ATIVO,,SIM,10,-8.614797240458671,41.14791434403428,POINT (-8.614797240458671 41.14791434403428)
52,52,69,RJDIN0,71,ATIVO,,SIM,10,-8.625732492337647,41.14939766076716,POINT (-8.625732492337647 41.14939766076716)
53,53,58,RBRAG0,61,ATIVO,,SIM,10,-8.616856025788781,41.15256335911993,POINT (-8.616856025788781 41.15256335911993)
54,54,55,LADIA0,58,ATIVO,,SIM,10,-8.608252393753006,41.14263161952962,POINT (-8.608252393753006 41.14263161952962)
55,55,64,CMPAT0,67,ATIVO,,SIM,10,-8.617372731123758,41.14524463788981,POINT (-8.617372731123758 41.14524463788981)
56,56,78,Praça do Bom Sucesso,80,ATIVO,NAO,SIM,10,-8.629478652795246,41.15552256244731,POINT (-8.629478652795246 41.15552256244731)
57,57,54,RTUJA0,57,ATIVO,,SIM,10,-8.607341710747715,41.14618463460946,POINT (-8.607341710747715 41.14618463460946)
58,58,63,RSFNE0,66,ATIVO,,SIM,10,-8.614230869819982,41.14589995143287,POINT (-8.614230869819982 41.14589995143287)
59,59,49,LSREI0,52,ATIVO,,SIM,10,-8.596018438836749,41.14606636610293,POINT (-8.596018438836749 41.14606636610293)
60,60,50,ARFRE0,53,ATIVO,,SIM,10,-8.60055119945503,41.145849604564994,POINT (-8.60055119945503 41.145849604564994)
61,61,60,RMBOM0,63,ATIVO,,SIM,10,-8.622667382402886,41.14937878989628,POINT (-8.622667382402886 41.14937878989628)
62,62,81,ABOAV0,83,ATIVO,,SIM,10,-8.624695365606701,41.157261198961535,POINT (-8.624695365606701 41.157261198961535)
63,63,52,PPOVE0,55,ATIVO,,SIM,10,-8.604239607529887,41.1461067942526,POINT (-8.604239607529887 41.1461067942526)
64,64,56,RFTOM0,59,ATIVO,,SIM,10,-8.605011077350937,41.149566085374815,POINT (-8.605011077350937 41.149566085374815)
65,65,71,PVIRT0,73,ATIVO,,SIM,10,-8.618336288058297,41.14429301149725,POINT (-8.618336288058297 41.14429301149725)
66,66,68,RPVJC0,70,ATIVO,,SIM,10,-8.618061340178482,41.14800118491093,POINT (-8.618061340178482 41.14800118491093)
67,67,62,RDFSI0,65,ATIVO,,SIM,10,-8.615410031871955,41.14627234624405,POINT (-8.615410031871955 41.14627234624405)
68,68,51,RDJQU0,54,ATIVO,,SIM,10,-8.601958463312037,41.14618635718441,POINT (-8.601958463312037 41.14618635718441)
69,69,59,RMBOM0,62,ATIVO,,SIM,10,-8.617941417246126,41.15001718398759,POINT (-8.617941417246126 41.15001718398759)
70,70,70,RVILA0,72,ATIVO,,SIM,10,-8.62675216944816,41.14888378632995,POINT (-8.62675216944816 41.14888378632995)
71,71,61,CMPAT0,64,ATIVO,,SIM,10,-8.615845901299656,41.14528042504495,POINT (-8.615845901299656 41.14528042504495)
72,72,112,RDGOI0,114,ATIVO,,SIM,10,-8.612371358099553,41.16194921116132,POINT (-8.612371358099553 41.16194921116132)
73,73,91,ABOAV0,93,ATIVO,,SIM,10,-8.63766935797702,41.159259566044746,POINT (-8.63766935797702 41.159259566044746)
74,74,89,ABOAV0,91,ATIVO,,SIM,10,-8.633587813749825,41.15874489588034,POINT (-8.633587813749825 41.15874489588034)
75,75,117,RTVAL1,119,ATIVO,,SIM,10,-8.61072334979509,41.1436500395026,POINT (-8.61072334979509 41.1436500395026)
76,76,116,RRORT0,118,ATIVO,,SIM,10,-8.611616143905113,41.14921292338696,POINT (-8.611616143905113 41.14921292338696)
77,77,115,RGCCA0,117,ATIVO,,SIM,10,-8.609745325447978,41.14908046471472,POINT (-8.609745325447978 41.14908046471472)
78,78,111,RCONS0,113,ATIVO,,SIM,10,-8.607713864294885,41.16224555472844,POINT (-8.607713864294885 41.16224555472844)
79,79,92,ABOAV0,94,ATIVO,,SIM,10,-8.643538874332814,41.16040956430687,POINT (-8.643538874332814 41.16040956430687)
80,80,100,AMGCO0,102,ATIVO,,SIM,10,-8.671648457321165,41.15545343929727,POINT (-8.671648457321165 41.15545343929727)
81,81,102,AMGCO0,104,ATIVO,,SIM,10,-8.667438985524017,41.157103704565074,POINT (-8.667438985524017 41.157103704565074)
82,82,93,RJGRA0,95,ATIVO,,SIM,10,-8.643996245843132,41.16016829428952,POINT (-8.643996245843132 41.16016829428952)
83,83,113,RALRE0,115,ATIVO,,SIM,10,-8.613669098961202,41.16523306725913,POINT (-8.613669098961202 41.16523306725913)
84,84,101,AMGCO0,103,ATIVO,,SIM,10,-8.667533902261829,41.157341028219925,POINT (-8.667533902261829 41.157341028219925)
85,85,109,RHSCO0,111,ATIVO,,SIM,10,-8.630595409049455,41.16139349981294,POINT (-8.630595409049455 41.16139349981294)
86,86,94,ADAGU0,96,ATIVO,,SIM,10,-8.662388388682608,41.16423563044233,POINT (-8.662388388682608 41.16423563044233)
87,87,107,RAPAI0,109,ATIVO,,SIM,10,-8.658933511326447,41.15303993015527,POINT (-8.658933511326447 41.15303993015527)
88,88,86,Avenida da Boavista,88,ATIVO,NAO,SIM,10,-8.627676305245206,41.15758856001361,POINT (-8.627676305245206 41.15758856001361)
89,89,108,RAMOT0,110,ATIVO,,SIM,10,-8.655788091621602,41.15028732066543,POINT (-8.655788091621602 41.15028732066543)
90,90,105,RGEAN0,107,ATIVO,,SIM,10,-8.66041248324485,41.15765667949924,POINT (-8.66041248324485 41.15765667949924)
91,91,110,AFRAN0,112,ATIVO,,SIM,10,-8.628401356461273,41.16103504814519,POINT (-8.628401356461273 41.16103504814519)
92,92,87,RJDIN0,89,ATIVO,,SIM,10,-8.628486991181786,41.15683020753047,POINT (-8.628486991181786 41.15683020753047)
93,93,145,RCONS0,149,ATIVO,,SIM,10,-8.611364989050976,41.16270350351317,POINT (-8.611364989050976 41.16270350351317)
94,94,154,RIDMA0,158,ATIVO,,SIM,10,-8.621889042012429,41.15890452578953,POINT (-8.621889042012429 41.15890452578953)
95,95,152,RCEDO0,156,ATIVO,,SIM,10,-8.61898213775843,41.15479966542438,POINT (-8.61898213775843 41.15479966542438)
96,96,143,RCONS0,147,ATIVO,,SIM,10,-8.620386845596084,41.163832966271706,POINT (-8.620386845596084 41.163832966271706)
97,97,141,RMPAZ0,145,ATIVO,,SIM,10,-8.646929562804207,41.172789915642966,POINT (-8.646929562804207 41.172789915642966)
98,98,146,RDGOI0,150,ATIVO,,SIM,10,-8.611678480973158,41.1616877711644,POINT (-8.611678480973158 41.1616877711644)
99,99,153,RMELO0,157,ATIVO,,SIM,10,-8.618031171810738,41.157274493828425,POINT (-8.618031171810738 41.157274493828425)
100,100,150,LLAPA0,154,ATIVO,,SIM,10,-8.611472089236978,41.15697148455987,POINT (-8.611472089236978 41.15697148455987)
101,101,148,RCAMO0,152,ATIVO,,SIM,10,-8.60986921078646,41.16005008520077,POINT (-8.60986921078646 41.16005008520077)
102,102,118,RTVAL1,120,ATIVO,,SIM,10,-8.610713073841133,41.143623875341255,POINT (-8.610713073841133 41.143623875341255)
103,103,124,RDRJO0,127,ATIVO,,SIM,10,-8.612756528195442,41.15013488230771,POINT (-8.612756528195442 41.15013488230771)
104,104,133,ADAGU0,137,ATIVO,,SIM,10,-8.659102072930915,41.1681823843448,POINT (-8.659102072930915 41.1681823843448)
105,105,123,RCONS0,126,ATIVO,,SIM,10,-8.60366352822203,41.16173399423467,POINT (-8.60366352822203 41.16173399423467)
106,106,128,RFTOM0,131,ATIVO,,SIM,10,-8.59902230178563,41.14836395844218,POINT (-8.59902230178563 41.14836395844218)
107,107,149,RSBRA0,153,ATIVO,,SIM,10,-8.61006978789822,41.160294741001394,POINT (-8.61006978789822 41.160294741001394)
108,108,147,RCONS0,151,ATIVO,,SIM,10,-8.606562612315788,41.16209973664338,POINT (-8.606562612315788 41.16209973664338)
109,109,127,RSBAN0,130,ATIVO,,SIM,10,-8.608252109635577,41.14799038363815,POINT (-8.608252109635577 41.14799038363815)
110,110,129,PCORU0,132,ATIVO,,SIM,10,-8.579527732110495,41.15846321641007,POINT (-8.579527732110495 41.15846321641007)
111,111,114,ROURO0,116,ATIVO,NAO,SIM,10,-8.637831612666028,41.14838288320763,POINT (-8.637831612666028 41.14838288320763)
112,112,130,PCORU0,133,ATIVO,,SIM,10,-8.579472881091817,41.15625792374073,POINT (-8.579472881091817 41.15625792374073)
113,113,120,RMSIL0,123,ATIVO,,SIM,10,-8.613383144153103,41.143407708742544,POINT (-8.613383144153103 41.143407708742544)
114,114,151,RACAB0,155,ATIVO,,SIM,10,-8.618493194149258,41.155095804637135,POINT (-8.618493194149258 41.155095804637135)
115,115,126,RDRJO0,129,ATIVO,,SIM,10,-8.611750932906826,41.15036699712578,POINT (-8.611750932906826 41.15036699712578)
116,116,144,RCONS0,148,ATIVO,SIM,SIM,10,-8.616112786333025,41.1633072917458,POINT (-8.616112786333025 41.1633072917458)
117,117,121,RFBOR0,124,ATIVO,,SIM,10,-8.615234389863081,41.14225445375533,POINT (-8.615234389863081 41.14225445375533)
118,118,140,RMPAZ0,144,ATIVO,,SIM,10,-8.651400409169094,41.17658068974055,POINT (-8.651400409169094 41.17658068974055)
119,119,142,RSALA1,146,ATIVO,,SIM,10,-8.657652650444906,41.17623902146438,POINT (-8.657652650444906 41.17623902146438)
120,120,122,RMSIL0,125,ATIVO,,SIM,10,-8.614460886195284,41.14209730703367,POINT (-8.614460886195284 41.14209730703367)
121,121,155,RBREI0,159,ATIVO,SIM,SIM,10,-8.618015280221275,41.15150328657269,POINT (-8.618015280221275 41.15150328657269)
122,122,174,RCALE0,179,ATIVO,,SIM,10,-8.643231524949968,41.154350828153255,POINT (-8.643231524949968 41.154350828153255)
123,123,167,RREST0,172,ATIVO,,SIM,10,-8.62631091027702,41.1454175316679,POINT (-8.62631091027702 41.1454175316679)
124,124,170,RAAGO0,175,ATIVO,,SIM,10,-8.620473357989917,41.147101808754215,POINT (-8.620473357989917 41.147101808754215)
125,125,177,RPGAM0,182,ATIVO,,SIM,10,-8.659747440291873,41.14836335300961,POINT (-8.659747440291873 41.14836335300961)
126,126,160,RPLEA0,165,ATIVO,,SIM,10,-8.669341630273374,41.1631934304752,POINT (-8.669341630273374 41.1631934304752)
127,127,172,RCGUL0,177,ATIVO,,SIM,10,-8.627456535357185,41.15171690375948,POINT (-8.627456535357185 41.15171690375948)
128,128,161,PDAQU0,166,ATIVO,,SIM,10,-8.666149852152076,41.15951815148669,POINT (-8.666149852152076 41.15951815148669)
129,129,162,Avenida do Marechal Gomes da Costa,167,ATIVO,NAO,SIM,10,-8.665500201331989,41.15786737717573,POINT (-8.665500201331989 41.15786737717573)
130,130,168,RAAGO0,173,ATIVO,,SIM,10,-8.620297234364317,41.146331864748,POINT (-8.620297234364317 41.146331864748)
131,131,156,RGCRI0,161,ATIVO,,SIM,10,-8.609773765507565,41.153440455464434,POINT (-8.609773765507565 41.153440455464434)
132,132,158,RGCRI0,163,ATIVO,,SIM,10,-8.605519607159096,41.15339894338761,POINT (-8.605519607159096 41.15339894338761)
133,133,182,RPMAN0,187,ATIVO,,SIM,10,-8.606382765264405,41.14687243323672,POINT (-8.606382765264405 41.14687243323672)
134,134,159,RSCAT0,164,ATIVO,,SIM,10,-8.60465771698022,41.156879467060456,POINT (-8.60465771698022 41.156879467060456)
135,135,157,RGCRI0,162,ATIVO,,SIM,10,-8.610261509591101,41.15344121153065,POINT (-8.610261509591101 41.15344121153065)
136,136,190,ACXAN0,195,ATIVO,,SIM,10,-8.632128858160078,41.17000832381044,POINT (-8.632128858160078 41.17000832381044)
137,137,186,AVGAM0,191,ATIVO,,SIM,10,-8.656738849797563,41.17080079079101,POINT (-8.656738849797563 41.17080079079101)
138,138,185,RDMAI0,190,ATIVO,,SIM,10,-8.652346754953127,41.17397417020399,POINT (-8.652346754953127 41.17397417020399)
139,139,184,RDMAI0,189,ATIVO,,SIM,10,-8.648177816105697,41.170817504791344,POINT (-8.648177816105697 41.170817504791344)
140,140,187,RIRAM0,192,ATIVO,,SIM,10,-8.648250016080297,41.16848393604605,POINT (-8.648250016080297 41.16848393604605)
141,141,188,RDMAC1,193,ATIVO,,SIM,10,-8.632134046980468,41.165292958649566,POINT (-8.632134046980468 41.165292958649566)
142,142,135,RCRUZ1,139,ATIVO,,SIM,10,-8.641683156269607,41.17235593788317,POINT (-8.641683156269607 41.17235593788317)
143,143,137,REFDI0,141,ATIVO,,SIM,10,-8.645910132529325,41.17501223999392,POINT (-8.645910132529325 41.17501223999392)
144,144,139,RDJCO0,143,ATIVO,,SIM,10,-8.646124684915234,41.17697833937039,POINT (-8.646124684915234 41.17697833937039)
145,145,171,RJDIN0,176,ATIVO,,SIM,10,-8.626056356346782,41.150908311347536,POINT (-8.626056356346782 41.150908311347536)
146,146,180,RAJGU0,185,ATIVO,,SIM,10,-8.61555005758736,41.148133038471215,POINT (-8.61555005758736 41.148133038471215)
147,147,181,RGCRI0,186,ATIVO,,SIM,10,-8.608400618212496,41.15341778470847,POINT (-8.608400618212496 41.15341778470847)
148,148,179,RACUN0,184,ATIVO,,SIM,10,-8.620889800839974,41.15600526972139,POINT (-8.620889800839974 41.15600526972139)
149,149,169,RROSA0,174,ATIVO,,SIM,10,-8.620503784603855,41.14788339413052,POINT (-8.620503784603855 41.14788339413052)
150,150,203,AFMAG0,208,ATIVO,,SIM,10,-8.583959798839192,41.17540697211448,POINT (-8.583959798839192 41.17540697211448)
151,151,175,Rua das Sobreiras,180,ATIVO,NAO,SIM,10,-8.660723821219372,41.147312776945874,POINT (-8.660723821219372 41.147312776945874)
152,152,208,RHSRE0,213,ATIVO,,SIM,10,-8.591840869942116,41.17716247328966,POINT (-8.591840869942116 41.17716247328966)
153,153,207,RHSRE0,212,ATIVO,,SIM,10,-8.5904229081117,41.17721194948748,POINT (-8.5904229081117 41.17721194948748)
154,154,191,ACXAN0,196,ATIVO,,SIM,10,-8.63324342330498,41.17306677629274,POINT (-8.63324342330498 41.17306677629274)
155,155,192,ACXAN0,197,ATIVO,,SIM,10,-8.634705542187794,41.17536126921223,POINT (-8.634705542187794 41.17536126921223)
156,156,193,ACONG0,198,ATIVO,,SIM,10,-8.634955180139784,41.17575631230239,POINT (-8.634955180139784 41.17575631230239)
157,157,194,ACONG0,199,ATIVO,,SIM,10,-8.634477779940982,41.17885831464893,POINT (-8.634477779940982 41.17885831464893)
158,158,195,RPDGO0,200,ATIVO,,SIM,10,-8.634433664620282,41.17433138047036,POINT (-8.634433664620282 41.17433138047036)
159,159,200,RSCAR0,205,ATIVO,,SIM,10,-8.609364830535949,41.14316821915608,POINT (-8.609364830535949 41.14316821915608)
160,160,209,RDFVS0,214,ATIVO,,SIM,10,-8.594558170153324,41.177055984019184,POINT (-8.594558170153324 41.177055984019184)
161,161,197,PELIB0,202,ATIVO,,SIM,10,-8.625198062507588,41.16663040347402,POINT (-8.625198062507588 41.16663040347402)
162,162,214,Avenida de D. Carlos I,17,ATIVO,NAO,SIM,10,-8.674832833198009,41.148151508942426,POINT (-8.674832833198009 41.148151508942426)
163,163,6,AFMAG0,7,ATIVO,,SIM,10,-8.588441731680328,41.16555868412268,POINT (-8.588441731680328 41.16555868412268)
164,164,4,RJMPI0,5,ATIVO,,SIM,10,-8.582526399410973,41.159802150430565,POINT (-8.582526399410973 41.159802150430565)
165,165,99,Rua de Diogo Botelho,101,ATIVO,NAO,SIM,10,-8.671428371995301,41.15383531548616,POINT (-8.671428371995301 41.15383531548616)
166,166,20,Via do Castelo do Queijo,23,ATIVO,NAO,SIM,10,-8.688396746409325,41.17264998555071,POINT (-8.688396746409325 41.17264998555071)
167,167,21,Avenida de Montevideu,24,ATIVO,NAO,SIM,10,-8.687839702937518,41.166750462267615,POINT (-8.687839702937518 41.166750462267615)
168,168,25,Avenida do Brasil,28,ATIVO,NAO,SIM,10,-8.68167910678423,41.15699378094385,POINT (-8.68167910678423 41.15699378094385)
169,169,12,Rua Alfredo Allen,13,ATIVO,NAO,SIM,10,-8.603780859909916,41.17487877218623,POINT (-8.603780859909916 41.17487877218623)
170,170,14,Rua de S. Tomé,15,ATIVO,NAO,SIM,10,-8.609206103105231,41.17794606615642,POINT (-8.609206103105231 41.17794606615642)
171,171,10,Rua do Dr. António Bernardino de Almeida,11,ATIVO,NAO,SIM,10,-8.607612675161588,41.17710856079413,POINT (-8.607612675161588 41.17710856079413)
172,172,11,Rua do Dr. António Bernardino de Almeida,12,ATIVO,NAO,SIM,10,-8.606577785721756,41.17814835492393,POINT (-8.606577785721756 41.17814835492393)
173,173,9,Rua D. Frei Vicente da Soledade e Castro,10,ATIVO,NAO,SIM,20,-8.597935998985498,41.177600596077625,POINT (-8.597935998985498 41.177600596077625)
174,174,16,Rua D. Frei Vicente da Soledade e Castro,18,ATIVO,NAO,SIM,10,-8.59620134030819,41.17699468665407,POINT (-8.59620134030819 41.17699468665407)
175,175,22,Avenida de Montevideu,25,ATIVO,NAO,SIM,10,-8.68647628482138,41.16433800502017,POINT (-8.68647628482138 41.16433800502017)
176,176,24,Avenida do Brasil,27,ATIVO,NAO,SIM,10,-8.683382743661502,41.15900654136424,POINT (-8.683382743661502 41.15900654136424)
177,177,23,Rua do Molhe,26,ATIVO,NAO,SIM,10,-8.683496501780429,41.15940573208178,POINT (-8.683496501780429 41.15940573208178)
178,178,80,Rua de Gonçalo Sampaio,82,ATIVO,NAO,SIM,10,-8.630061696216156,41.15552237619433,POINT (-8.630061696216156 41.15552237619433)
179,179,75,Rua do Campo Alegre,77,ATIVO,NAO,SIM,10,-8.638528727889778,41.15310304722556,POINT (-8.638528727889778 41.15310304722556)
180,180,82,Rua Ofélia Diogo da Costa,84,ATIVO,NAO,SIM,10,-8.631730983027904,41.15870835633706,POINT (-8.631730983027904 41.15870835633706)
181,181,85,Rua de Nossa Senhora de Fátima,87,ATIVO,NAO,SIM,10,-8.62776459713668,41.15847768667928,POINT (-8.62776459713668 41.15847768667928)
182,182,83,Rua de Cinco de Outubro,85,ATIVO,NAO,SIM,10,-8.630073897879504,41.15905286626155,POINT (-8.630073897879504 41.15905286626155)
183,183,84,Avenida da França,86,ATIVO,NAO,SIM,10,-8.628773148948495,41.15912305401064,POINT (-8.628773148948495 41.15912305401064)
184,184,98,Rua da Cerca,100,ATIVO,NAO,SIM,10,-8.674011065662574,41.1542186840258,POINT (-8.674011065662574 41.1542186840258)
185,185,103,Avenida do Marechal Gomes da Costa,105,ATIVO,NAO,SIM,10,-8.664725157674544,41.15844657829779,POINT (-8.664725157674544 41.15844657829779)
186,186,8,RAEBR0,9,ATIVO,,SIM,10,-8.598939900064149,41.17463788966774,POINT (-8.598939900064149 41.17463788966774)
187,187,106,RPANO0,108,ATIVO,,SIM,10,-8.654647269142433,41.160538871934094,POINT (-8.654647269142433 41.160538871934094)
188,188,5,VFCPO0,6,ATIVO,,SIM,10,-8.583488656619682,41.16319028953301,POINT (-8.583488656619682 41.16319028953301)
189,189,65,RFGUI1,134,ATIVO,,SIM,10,-8.64201356325801,41.16524322494456,POINT (-8.64201356325801 41.16524322494456)
190,190,96,Avenida do Parque,98,ATIVO,NAO,SIM,10,-8.671938189083738,41.16574205500588,POINT (-8.671938189083738 41.16574205500588)
191,191,97,Avenida da Boavista,99,ATIVO,NAO,SIM,10,-8.680363262618181,41.16660887828749,POINT (-8.680363262618181 41.16660887828749)
192,192,215,Avenida de D. Carlos I,20,ATIVO,NAO,SIM,10,-8.67169583898071,41.14759220187746,POINT (-8.67169583898071 41.14759220187746)
193,193,29,Rua do Passeio Alegre,32,ATIVO,NAO,SIM,10,-8.665081340810227,41.148001089210446,POINT (-8.665081340810227 41.148001089210446)
194,194,213,Rua Alfredo Allen,1,ATIVO,NAO,SIM,10,-8.605291562612557,41.17759274106648,POINT (-8.605291562612557 41.17759274106648)
195,195,17,Rua do Dr. Plácido da Costa,19,ATIVO,NAO,SIM,20,-8.60013525587015,41.178843953962165,POINT (-8.60013525587015 41.178843953962165)
196,196,173,Rua do Campo Alegre,178,ATIVO,NAO,SIM,10,-8.640705457120108,41.1536114828028,POINT (-8.640705457120108 41.1536114828028)
197,197,104,Rua de D. João de Castro,106,ATIVO,NAO,SIM,10,-8.660170845686803,41.15932454547058,POINT (-8.660170845686803 41.15932454547058)
198,198,79,Largo de Ferreira Lapa,81,ATIVO,NAO,SIM,10,-8.628460853754815,41.155610566251866,POINT (-8.628460853754815 41.155610566251866)
199,199,26,Avenida do Brasil,29,ATIVO,NAO,SIM,10,-8.679049192410506,41.153871738760834,POINT (-8.679049192410506 41.153871738760834)
200,200,90,ABOAV0,92,ATIVO,,SIM,10,-8.637739790784233,41.159434411130384,POINT (-8.637739790784233 41.159434411130384)
201,201,76,VPANO0,78,ATIVO,,SIM,10,-8.63763497332934,41.15230195044562,POINT (-8.63763497332934 41.15230195044562)
202,202,201,ACVPO0,206,ATIVO,,SIM,10,-8.574213737615075,41.1736909062572,POINT (-8.574213737615075 41.1736909062572)
203,203,198,AANTA0,203,ATIVO,,SIM,10,-8.58632668953378,41.16331232566356,POINT (-8.58632668953378 41.16331232566356)
204,204,204,RCURR0,209,ATIVO,,SIM,10,-8.58261649799624,41.17502055808862,POINT (-8.58261649799624 41.17502055808862)
205,205,202,RPFEL0,207,ATIVO,,SIM,10,-8.583367953808006,41.1748755317124,POINT (-8.583367953808006 41.1748755317124)
206,206,211,REVSP0,216,ATIVO,,SIM,10,-8.589041137992204,41.1669436058208,POINT (-8.589041137992204 41.1669436058208)
207,207,210,RDESS0,215,ATIVO,,SIM,10,-8.58842809564357,41.174890025533536,POINT (-8.58842809564357 41.174890025533536)
208,208,206,RHSRE0,211,ATIVO,,SIM,10,-8.590053615119189,41.1773516539587,POINT (-8.590053615119189 41.1773516539587)
209,209,212,RACOU0,217,ATIVO,,SIM,10,-8.646607424348598,41.16108769294239,POINT (-8.646607424348598 41.16108769294239)
210,210,205,RDESS0,210,ATIVO,,SIM,10,-8.586919587195755,41.17848486265861,POINT (-8.586919587195755 41.17848486265861)
211,211,189,RTRAV0,194,ATIVO,,SIM,10,-8.63610291473601,41.16548308287541,POINT (-8.63610291473601 41.16548308287541)
212,212,134,ADAGU0,138,ATIVO,,SIM,10,-8.657354935527461,41.17020361862824,POINT (-8.657354935527461 41.17020361862824)
213,213,196,RPDGO0,201,ATIVO,,SIM,10,-8.63730879838787,41.17336045841105,POINT (-8.63730879838787 41.17336045841105)
214,214,132,ADAGU0,136,ATIVO,,SIM,10,-8.659701576981854,41.16747882063599,POINT (-8.659701576981854 41.16747882063599)
215,215,183,REECA0,188,ATIVO,,SIM,10,-8.653901901410169,41.17370621648261,POINT (-8.653901901410169 41.17370621648261)
